413xplayz,accelgor
7l92w2p0,corviknightgmax
about15guys,dianciemega
adamsants,durant
adeptusxiao,sylveon
aethernum,lotad
afklionyx,snorlax
aggrometaile,melmetal
agumonfan3,sirfetchd
ahelpfulfox,dragonite
aiyaru,cottonee
akash370,eternatuseternamax
alllikewas,eevee
amcatnya,skitty
amogusitalianus,dreepy
amolefoche,walrein
aoieignigognoi,whimsicott
aqua8jet,cottonee
aquailsquery,starly
argynt,pichu
argyntum,pichu
armin,eternatuseternamax
articoo,budew
aryaa,flygon
asdlolxd69,volcarona
asrd,deoxysattack
atomicedge,rayquazamega
atraxmadara,diggersby
attackotter,lileep
ausma,braixen
avcosmoem,altariamega
avery,stunky
awavia,stunky
azulanochecer,articuno
bailacomoeltapu,rayquaza
bd3gamber2,stunky
biancawhitaker,helioptile
biced,togetic
bidoofprincess,ribombee
billo,cosmog
bingus,mew
birdbwoy,articunogalar
bizzo,quilava
blanched,porygonz
blanchedpumpkin,pumpkaboo
blancubeofficiel,muk
bobbyzchoo,cubchoo
bombintobear,teddiursa
bondie,ekans
braviaryy,huntail
brawlmk,luxray
breadloeuf,cherrimsunshine
brokenfaithmagia,yveltal
broomia,mismagius
brotorterra,torterra
brotorterror,honedge
btaa,gyaradosmega
bubuvgc,mudkip
caballoindomable,rapidash
caionamax,jirachi
callategrax,exploud
capitanventosa,zangoose
castlebuilder,shinx
caterpiebefuddle,caterpie
ccfl1amogus,dreepy
cduiyk,treecko
cerbottana,porygon
cerbottanaenjoyer,porygon
ch3rryello,typhlosion
charinatu,palkia
cherrygirlriot,cherubi
chiaravaggia,gengar
chickenmaster6678,stunky
christmas,espeon
ciran,ditto
cironapoli,sneasel
cleffa,cleffa
coconfort,kakuna
cofffix,cherrim
collapsediva,necrozma
collapsedmoon,necrozmadawnwings
confix,cherrimsunshine
confixerie,alcremierubyswirl
contaminatedopal,celebi
costumia,shuppet
creepytree,trevenant
crestillion,swirlix
cucaatomica,garchomp
cupchoo,spoink
dagban,pumpkaboo
dagdan,bewear
dagdanbokua,stufful
danieluxmur,yveltal
darkbead,greninja
darkstron,darkrai
despacito14,noctowl
dialects,hoopa
diegoyuhhi,musharna
dinosauriomauro,tyrantrum
direhands,sableye
diseasedrodent,anorith
doraingrey,gengargmax
dorron,bidoof
duck,farfetchd
ducky,snorlax
duplifix,klink
eli,stunky
elsa,froslass
elua,emolga
emillight,dragonite
emma,sylveon
epf,charizardgmax
etym,meowth
eytha,gardevoirmega
f3rrari450,buizel
fer445,garchomp
fijimacintosh,alakazammega
flawlesswings,hooh
flopparosa,roserade
flygonisdragon,flygon
forestruler,ledian
foundthenghost,dragapult
foundthenlost,audinomega
francy,doublade
francystein,pumpkaboo
frenchmontana21,hooh
frogfacts,fennekin
gaussfield,heracrossmega
giokio,bisharp
glalle,glalie
goofysandman,palossand
gorilaa,zoruahisui
goroyagami,cyndaquil
gottycatcheymall,cramorant
greatdissasembler,cosmog
gucci0goku,gengar
guccisandman,palossand
haxlolo,avalugg
heritage,arctozolt
hielofrito,darmanitangalarzen
hisuianzoroark,zoroarkhisui
hmfadamew,mew
hokufi,kommoo
howkings,drifloon
huntail367,huntail
huntressrr,zorua
huntressrubyrose,houndoommega
hydro,pichu
hyperionts,latios
hyperoffensemagic,arceus
iaminaminitab,eternatuseternamax
iiiodyne,milotic
inezia,zebstrika
instruct,zygardecomplete
interestelar,lunatone
iridiumflares,infernape
isaac579,squirtle
itriedtodo,regigigas
itszxc,jynx
jakee,oddish
jamicaspeedboat,seedot
joaqopl,leafeon
joaqops,bulbasaur
joaqozt,zebstrika
joker,stunky
juan13pro,blaziken
jukain,stunky
k,dragonite
kalasmos,arceus
karoby03,mawilemega
kazuxx,decidueye
keahi,dewott
kennedy,dragonite
kiruhatade,cinderace
klegendary19,charizardmegay
kleut,stunky
kolohe2,comfey
kolohe3,shaymin
kolohe8,togetic
kolohex,pumpkaboo
konpekopekora,azumarill
kris,dragonite
l3ev,staraptor
lacrimrose,hydreigon
ladderforharambe,oranguru
ladyrhea,doublade
ladyxbeans,mismagius
laime,audino
lalaya,murkrow
laloafk,corviknight
lalokhan,gengar
lalokomotora,absolmega
lalokura,marshadow
lanzallamasmou,magmortar
lapecora,ampharosmega
lapecora123,ampharosmega
laserglace,azumarill
latiasi,latias
lecehlou,staraptor
lei,primarina
lindauna,drifloon
lionyx,gardevoirmega
littleluvie,arcanine
litwick,litwick
lkhn,mismagius
loethalion,gardevoirmega
lolakert,jirachi
loscarsone,porygon
losconosciuto,zapdosgalar
lu,mimikyu
lucariowo3,absol
luciobattisti,honchkrow
ludwigarum,shuckle
lugiajp,lugia
lunala,lunala
luser2,spinda
luser31,spinda
macronium,bayleef
mafiassatan,rotommow
magikarpsuiper,shuckle
magmar54,magmortar
majorita,haunter
mammalu,dragonite
mandibuladel5555,celesteela
mathy,furret
may,tauros
mcklopediaa,gengarmega
mcklpd,necrozma
mcprincesspearl,glaceon
megagr,slowkinggalar
melodyl,meloetta
memue,togetic
meteorbeam,mantine
mex,dialga
mihowk,absol
mikufromvocaloid,meloetta
mistercantiere,scizor
mitsuki,leafeon
moretto,corsola
mortalityi,stunky
mrsmiyano,vaporeon
mubs,blaziken
mudkipbowl,azelf
murman,dwebble
narukami,stunky
nenue,bayleef
nerabriscoletti,skiploom
nicksee,dewott
nicolic,flaaffy
nightmarenidoking,nidoking
niko,regieleki
nkfc,gallademega
nonsprinto99,unown
nostenfer,crobat
notfaironanybody,mew
nutbolt,melmetal
oculars,magearnaoriginal
ofenomeno,cinderace
oizys,dedenne
onyxveil,miniorviolet
opnoob598,zaciancrowned
oseanworld,slowpoke
pacncheese,unown
pakyrozzano,heatmor
palkiasonslaught,palkia
pancakelol,ditto
paolode99,dragonite
parnassius,vulpixalola
partman,chandelure
peary,jirachi
pelippertheseagull,pelipper
perc30,seismitoad
pira,crawdaunt
pissog,wooper
poaqo,charmander
pokemh,tapufini
pokken111,stunky
pooof,drifloon
pp,piplup
pressplaybrenden,salamence
prestonplaysgw2,stunky
prismaticphantom,shaymin
pujo,swampertmega
quagsirepng,quagsire
queeni,vaporeon
quiidzy,zeraora
r8,klink
radiantshinx,shinx
rantai,eternatuseternamax
recreant,mightyena
redelblu,duskull
redgoop115,charizardmegay
rickywolf,jirachi
rojoamanecer,moltres
roren,darkrai
rosa,absol
rumia,duskull
rumialt,shuppet
ruminya,skitty
ry42,wishiwashi
saimincup,flabebe
saltsensor,gengar
saviorinterlude,absolmega
scotteh,suicune
sebaaz,zoruahisui
sectonia,reuniclus
seeyi,arcanine
seji7,zoruahisui
sejitux,zoruahisui
sejix,arcanine
senatur,rayquazamega
senko,rowlet
sexymalasada,typhlosion
shahafs,wingull
shigeta9,necrozmaduskmane
shinyturtlez,blastoise
shtyx,arcanine
sinnohistrash,swampert
sirdragalge,magearna
sjshvshj,xerneas
smbz,monferno
smelysocks,mimikyu
smoothoperation,reshiram
sneakymalasada,cyndaquil
solihno,galvantula
sopadegato,skitty
splaskaka,rayquazamega
spookycaio,pumpkaboo
spookymalasada,cyndaquil
spookymogus,dreepy
spoopymalasada,cyndaquil
sprinto99,toxicroak
srod,sandshrewalola
starlitdreamers,zorua
steelballlrun,necrozmaduskmane
stevenuwu,greninja
stfix,cubchoo
stigmatasacrifice,litwick
swiffix,piplup
tachionico,marshadow
teamoflojera,snorlax
tempoleon,sealeo
tenzhii,mew
theblaah,darkrai
theglameowmaster,glameow
theia,litwick
thejesucristoosama,arceus
therayitto,rockruff
thetrickside,incineroar
theyrenothing,mew
thingmaster,houndoommega
timobite,mawilemega
torchicim,stunky
tristanultima,flygon
trollyui56,cradily
tsgenesis,breloom
tttsareena,tsareena
tylerthemilotic,milotic
uhtml,voltorb
uiopladder1x,tyranitarmega
uiopladder2x,avalugg
ultrasuca,abra
unitaeva69,mareanie
uselesstrainer,rattataalola
valentinachesslove,gardevoir
velvet,poochyena
victinimasteruwu,victini
victorioso43,darmanitan
violet,togekiss
vistar122,zeraora
vsmewly,noivern
waffle2o21,eiscue
waffle2o22,eiscue
wetkisser,politoed
wgx,xerneas
wigglybean,phantump
wigglytree,sudowoodo
wonter,scyther
worldwidesteppers,spinda
xurkiyee,stunky
xyz15,turtwig
yoda2798,ferrothorn
ysandre,gyaradosmega
zayneta,drapion
zerokitss,zigzagoongalar
zioziotrip,cofagrigus
zombiezys,mareanie
zoshade,ampharos
zukkuwupip,piplup
